National Center for Education Statistics,,,,,,,,,,,,,,,,,,,,,,,,,,,,,,,,,,,,,,,,,,,,,,,,,,,,,,,,,,,,,,,,,,,,,,
PSS Private School Universe Survey data 2023-24 school year,,,,,,,,,,,,,,,,,,,,,,,,,,,,,,,,,,,,,,,,,,,,,,,,,,,,,,,,,,,,,,,,,,,,,,
The file contains (115) records based on your search.,,,,,,,,,,,,,,,,,,,,,,,,,,,,,,,,,,,,,,,,,,,,,,,,,,,,,,,,,,,,,,,,,,,,,,
"NCES is not responsible for the manner in which this data is presented. This data is provided as an extra service to the user. For more information about this data, visit the PSS homepage. http://nces.ed.gov/surveys/pss",,,,,,,,,,,,,,,,,,,,,,,,,,,,,,,,,,,,,,,,,,,,,,,,,,,,,,,,,,,,,,,,,,,,,,
PSS_SCHOOL_ID,PSS_INST,LoGrade,HiGrade,PSS_ADDRESS,PSS_CITY,PSS_COUNTY_NO,PSS_COUNTY_FIPS,PSS_STABB,PSS_FIPS,PSS_ZIP5,PSS_PHONE,PSS_SCH_DAYS,PSS_STU_DAY_HRS,PSS_LIBRARY,PSS_ENROLL_UG,PSS_ENROLL_PK,PSS_ENROLL_K,PSS_ENROLL_1,PSS_ENROLL_2,PSS_ENROLL_3,PSS_ENROLL_4,PSS_ENROLL_5,PSS_ENROLL_6,PSS_ENROLL_7,PSS_ENROLL_8,PSS_ENROLL_9,PSS_ENROLL_10,PSS_ENROLL_11,PSS_ENROLL_12,PSS_ENROLL_T,PSS_ENROLL_TK12,PSS_RACE_AI,PSS_RACE_AS,PSS_RACE_H,PSS_RACE_B,PSS_RACE_W,PSS_RACE_P,PSS_RACE_2,PSS_FTE_TEACH,PSS_LOCALE,PSS_COED,PSS_TYPE,PSS_LEVEL,PSS_RELIG,PSS_COMM_TYPE,PSS_INDIAN_PCT,PSS_ASIAN_PCT,PSS_HISP_PCT,PSS_BLACK_PCT,PSS_WHITE_PCT,PSS_PACISL_PCT,PSS_TWOMORE_PCT,PSS_STDTCH_RT,PSS_ORIENT,PSS_COUNTY_NAME,PSS_ASSOC_1,PSS_ASSOC_2,PSS_ASSOC_3,PSS_ASSOC_4,PSS_ASSOC_5,PSS_ASSOC_6,PSS_ASSOC_7,PSS_ASSOC_8,PSS_ASSOC_9,PSS_ASSOC_10,PSS_ASSOC_11,PSS_ASSOC_12,PSS_ASSOC_13,PSS_ASSOC_14,PSS_ASSOC_15
A1902951,AARON SCHOOL K - 12,13,17,42 E 30TH ST,NEW YORK,36061,061,NY,36,10016,2128679594,166,6,Yes,,,,,,,,,,,17,15,18,12,17,79,79,0,3,25,21,29,0,1,15,11,1,4,2,3,1,0,3.79,31.64,26.58,36.7,0,1.26,5.26,30,NEW YORK,State or regional independent school association,Other school association(s),,,,,,,,,,,,,
00921917,ACADEMY OF ST JOSEPH,2,13,111 WASHINGTON PL,NEW YORK,36061,061,NY,36,10014,2122435420,173,7,Yes,,2,7,4,11,5,13,13,11,10,20,,,,,96,94,1,3,22,4,45,0,19,12,11,1,1,1,1,1,1.06,3.19,23.4,4.25,47.87,0,20.21,7.83,1,NEW YORK,Other school association(s),,,,,,,,,,,,,,
00938272,ALEXANDER ROBERTSON SCHOOL,3,10,3 W 95TH ST,NEW YORK,36061,061,NY,36,10025,2126636441,182,5,Yes,,,11,11,12,12,5,10,,,,,,,,61,61,0,8,3,17,22,2,9,18.1,11,1,1,1,3,1,0,13.11,4.91,27.86,36.06,3.27,14.75,3.37,30,NEW YORK,State or regional independent school association,,,,,,,,,,,,,,
00939298,BANK STREET SCHOOL FOR CHILDREN,2,13,610 W 112TH ST,NEW YORK,36061,061,NY,36,10025,2128754420,163,6.5,Yes,,44,44,39,44,56,45,42,37,27,35,,,,,413,369,0,23,61,40,146,0,99,64,11,1,1,1,3,1,0,6.23,16.53,10.84,39.56,0,26.82,5.76,30,NEW YORK,National Association of Independent Schools (NAIS),State or regional independent school association,,,,,,,,,,,,,
A2370856,BASIS INDEPENDENT MANHATTAN-UPPER SCHOOL,11,17,556 W 22ND ST,NEW YORK,36061,061,NY,36,10011,9173832600,180,7.41,No,,,,,,,,,46,33,41,28,12,11,13,184,184,1,55,11,3,84,0,30,25.4,11,1,1,3,3,1,0.54,29.89,5.97,1.63,45.65,0,16.3,7.24,30,NEW YORK,State or regional independent school association,,,,,,,,,,,,,,
A1990549,BATTERY PARK MONTESSORI,2,3,21 S END AVE,NEW YORK,36061,061,NY,36,10280,7189251873,180,6,Yes,,64,4,,,,,,,,,,,,,68,4,0,,,,,0,,14.4,11,1,2,1,3,1,0,,,,,0,,0.27,30,NEW YORK,American Montessori Society (AMS),Association Montessori International (AMI),Other Montessori association(s),Other school association(s),,,,,,,,,,,
A9303881,BEIT RABBAN DAY SCHOOL,2,13,270 W 89TH ST,NEW YORK,36061,061,NY,36,10024,2125951386,180,7.5,Yes,,28,16,14,16,14,12,10,10,8,14,,,,,142,114,0,,,0,,0,0,23,11,1,1,1,2,1,0,,,0,,0,0,4.95,18,NEW YORK,,,,,,,,,,,,,,,
00936355,BETH JACOB PAROCHIAL SCHOOL,2,13,142 BROOME ST,NEW YORK,36061,061,NY,36,10002,2124734500,170,6.83,Yes,,6,16,12,21,12,17,18,12,16,22,,,,,152,146,0,0,0,0,145,0,1,16,11,2,1,1,2,1,0,0,0,0,99.31,0,0.68,9.12,18,NEW YORK,National Society for Hebrew Day Schools (Torah Umesorah),,,,,,,,,,,,,,
A0902269,BRITISH INTERNATIONAL SCHOOL OF NY,2,17,20 WATERSIDE PLZ LBBY 1,NEW YORK,36061,061,NY,36,10010,2124812700,170,7.5,Yes,,28,9,17,11,18,21,22,31,32,27,24,27,12,11,290,262,1,34,14,15,161,2,35,53.4,11,1,1,3,3,1,0.38,12.97,5.34,5.72,61.45,0.76,13.35,4.9,30,NEW YORK,Other special emphasis association(s),State or regional independent school association,,,,,,,,,,,,,
X0938239,CALHOUN SCHOOL,2,17,433 W END AVE,NEW YORK,36061,061,NY,36,10024,2124976500,163,6.75,Yes,,42,21,28,36,29,25,34,36,47,48,68,75,63,68,620,578,,,,,,0,,90.8,11,1,2,3,3,1,,,,,,0,,6.36,30,NEW YORK,American Montessori Society (AMS),Other Montessori association(s),National Association of Independent Schools (NAIS),State or regional independent school association,,,,,,,,,,,
A2102562,CHILDREN'S ACADEMY,3,17,317 E 50TH ST,NEW YORK,36061,061,NY,36,10022,6468239909,147,6,No,,,5,5,4,3,7,5,5,6,6,2,3,3,5,59,59,,,,,,,,24.3,11,1,4,3,3,1,,,,,,,,2.42,30,NEW YORK,State or regional independent school association,,,,,,,,,,,,,,
00939979,COLUMBIA GRAMMAR & PREPARATORY SCHOOL,2,17,5 W 93RD ST,NEW YORK,36061,061,NY,36,10025,2127496200,,,,,,,,,,,,,,,,,,,,,,,,,,,,,11,-1,-1,3,3,1,,,,,,,,,30,NEW YORK,,,,,,,,,,,,,,,
A0107526,COOKE SCHOOL,3,17,1713 MADISON AVE,NEW YORK,36061,061,NY,36,10029,6462735555,175,6.33,No,85,,8,8,9,14,8,12,17,19,21,28,30,29,29,317,317,0,38,82,72,109,0,16,88,11,1,4,3,3,1,0,11.98,25.86,22.71,34.38,0,5.04,3.6,30,NEW YORK,Other school association(s),,,,,,,,,,,,,,
00940022,CORLEARS SCHOOL,2,10,324 W 15TH ST,NEW YORK,36061,061,NY,36,10011,1212741280,165,5,Yes,,20,20,10,10,12,15,10,,,,,,,,97,77,0,0,,,,0,,32,11,1,1,1,3,1,0,0,,,,0,,2.4,30,NEW YORK,National Association of Independent Schools (NAIS),,,,,,,,,,,,,,
A9502938,CORNELIA CONNELLY CENTER,9,13,220 E 4TH ST,NEW YORK,36061,061,NY,36,10009,2129822287,180,7,No,,,,,,,13,19,15,20,19,,,,,86,86,0,0,78,4,1,0,3,15.3,11,2,1,1,1,1,0,0,90.69,4.65,1.16,0,3.48,5.62,1,NEW YORK,National Catholic Educational Association (NCEA),,,,,,,,,,,,,,
A0701603,CRISTO REY NEW YORK HIGH SCHOOL,14,17,112 E 106TH ST FRNT,NEW YORK,36061,061,NY,36,10029,2129967000,175,7.25,Yes,,,,,,,,,,,,107,96,79,94,376,376,0,,,,,0,,24.8,11,1,1,2,1,1,0,,,,,0,,15.16,1,NEW YORK,Jesuit Schools Network (JSN),,,,,,,,,,,,,,
A2102584,DALTON SCHOOL,3,17,53 E 91ST ST,NEW YORK,36061,061,NY,36,10128,2124235244,150,8,Yes,,,97,97,95,95,93,92,101,102,102,109,116,118,113,1330,1330,0,,,,,0,,218.6,11,1,1,3,3,1,0,,,,,0,,6.08,30,NEW YORK,Other school association(s),,,,,,,,,,,,,,
00941729,DALTON SCHOOL,3,17,108 E 89TH ST,NEW YORK,36061,061,NY,36,10128,2124235200,150,7.5,Yes,,,97,97,95,95,93,92,101,102,102,109,116,118,113,1330,1330,0,260,29,142,564,0,335,218.6,11,1,1,3,3,1,0,19.54,2.18,10.67,42.4,0,25.18,6.08,30,NEW YORK,National Association of Independent Schools (NAIS),Other school association(s),,,,,,,,,,,,,
A9104782,DE LA SALLE ACADEMY,11,13,332 W 43RD ST,NEW YORK,36061,061,NY,36,10036,2123165840,,,,,,,,,,,,32,55,53,,,,,140,140,0,69,28,36,3,0,4,10,11,1,1,1,1,1,0,49.28,20,25.71,2.14,0,2.85,14,1,NEW YORK,National Association of Independent Schools (NAIS),,,,,,,,,,,,,,
A1302045,DOMINICAN ACADEMY,14,17,44 E 68TH ST,NEW YORK,36061,061,NY,36,10065,2127440195,180,6.58,Yes,,,,,,,,,,,,41,66,68,65,240,240,0,21,28,19,137,1,34,25.1,11,2,1,2,1,1,0,8.75,11.66,7.91,57.08,0.41,14.16,9.56,1,NEW YORK,Accelerated Christian Education (ACE) (or School of Tomorrow),National Catholic Educational Association (NCEA),Other school association(s),,,,,,,,,,,,
A0302186,DWIGHT SCHOOL,2,17,291 CENTRAL PARK W,NEW YORK,36061,061,NY,36,10024,2127246360,166,6.91,Yes,,173,27,35,30,31,39,45,66,60,65,95,91,106,84,947,774,0,80,96,34,477,0,87,161.6,11,1,1,3,3,1,0,10.33,12.4,4.39,61.62,0,11.24,4.78,30,NEW YORK,Other school association(s),,,,,,,,,,,,,,
BB162091,DWIGHT SCHOOL,2,17,18 W 89TH ST,NEW YORK,36061,061,NY,36,10024,2127246360,166,6.91,Yes,,47,24,34,27,27,34,42,65,58,64,95,105,114,91,827,780,,,,,,0,,159,11,1,6,3,3,1,,,,,,0,,4.9,30,NEW YORK,Other special emphasis association(s),Other school association(s),,,,,,,,,,,,,
A9702381,EAST HARLEM SCHOOL AT EXODUS HOUSE,9,13,309 E 103RD ST,NEW YORK,36061,061,NY,36,10029,2128768775,180,9,Yes,,,,,,,8,17,18,34,29,,,,,106,106,0,1,90,13,2,0,0,13.4,11,1,1,1,3,1,0,0.94,84.9,12.26,1.88,0,0,7.91,30,NEW YORK,,,,,,,,,,,,,,,
A2370864,EPISCOPAL SCHOOL IN THE CITY OF NEW YORK,2,3,35 E 69TH ST,NEW YORK,36061,061,NY,36,10021,2128799764,149,3,Yes,,177,22,,,,,,,,,,,,,199,22,0,0,0,0,22,0,0,33,11,1,7,1,2,1,0,0,0,0,100,0,0,0.66,14,NEW YORK,National Association of Episcopal Schools (NAES),,,,,,,,,,,,,,
A9104809,FELLOWSHIP OF LEARNING SCHOOL,12,12,9 W 130TH ST,NEW YORK,36061,061,NY,36,10037,2126908094,180,6.75,Yes,,,,,,,,,,2,,,,,,2,2,0,0,0,2,0,0,0,1,11,1,1,2,2,1,0,0,0,100,0,0,0,2,8,NEW YORK,Other religious school association(s),,,,,,,,,,,,,,
00935216,FRIENDS SEMINARY,3,17,222 E 16TH ST,NEW YORK,36061,061,NY,36,10003,6462568883,130,7,Yes,,,55,54,52,52,54,55,57,56,57,74,80,78,77,801,801,0,89,39,48,470,0,155,54.9,11,1,1,3,2,1,0,11.11,4.86,5.99,58.67,0,19.35,14.59,15,NEW YORK,Friends Council on Education (FCE),National Association of Independent Schools (NAIS),,,,,,,,,,,,,
A0502465,GEORGE JACKSON ACADEMY,11,13,104 SAINT MARKS PL,NEW YORK,36061,061,NY,36,10009,2122286789,180,7.5,Yes,,,,,,,,,20,28,30,,,,,78,78,0,7,18,41,0,0,12,14.4,11,3,1,1,3,1,0,8.97,23.07,52.56,0,0,15.38,5.41,30,NEW YORK,Other school association(s),,,,,,,,,,,,,,
A2190575,GERMAN SCHOOL MANHATTAN,2,10,74 WARREN ST FRNT A,NEW YORK,36061,061,NY,36,10007,6468691152,172,6.58,Yes,,23,12,11,10,14,11,9,,,,,,,,90,67,0,0,4,0,46,0,17,17.9,11,1,3,1,3,1,0,0,5.97,0,68.65,0,25.37,3.74,30,NEW YORK,Other school association(s),,,,,,,,,,,,,,
A0902294,GILLEN BREWER SCHOOL,1,1,410 E 92ND ST FRNT 3,NEW YORK,36061,061,NY,36,10128,2128313667,195,6,Yes,53,,,,,,,,,,,,,,,53,53,0,5,0,4,34,0,10,23.6,11,1,4,3,3,1,0,9.43,0,7.54,64.15,0,18.86,2.24,30,NEW YORK,National Association of Independent Schools (NAIS),National Independent Private Schools Association (NIPSA),,,,,,,,,,,,,
A2102614,GRACE CHURCH HIGH SCHOOL,2,17,46 COOPER SQ,NEW YORK,36061,061,NY,36,10003,2124750435,172,7.33,Yes,,27,41,45,46,36,46,44,52,51,51,86,84,93,87,789,762,0,,,,,,,,11,1,1,3,2,1,0,,,,,,,,14,NEW YORK,National Association of Episcopal Schools (NAES),,,,,,,,,,,,,,
BB240243,GUIDEPOST MONTESSORI AT EAST VILLAGE,2,3,1 AVE B,NEW YORK,36061,061,NY,36,10009,3329108325,,7,No,,7,1,,,,,,,,,,,,,8,1,0,0,0,1,0,0,0,2,11,1,7,1,3,1,0,0,0,100,0,0,0,0.5,30,NEW YORK,,,,,,,,,,,,,,,
A2190577,GUIDEPOST MONTESSORI COLUMBUS SQUARE,2,3,775 D COLUMBUS AVE,NEW YORK,36061,061,NY,36,10025,7175033839,253,10,No,,26,21,,,,,,,,,,,,,47,21,0,3,3,2,13,0,0,16,11,1,2,1,3,1,0,14.28,14.28,9.52,61.9,0,0,1.31,30,NEW YORK,Other Montessori association(s),,,,,,,,,,,,,,
A0701621,HARLEM ACADEMY,3,13,655 ST NICHOLAS AVE,NEW YORK,36061,061,NY,36,10030,2123482600,175,7.5,Yes,,,19,18,18,15,18,18,34,17,14,,,,,171,171,,,,,,,,20,11,1,1,1,3,1,,,,,,,,8.55,30,NEW YORK,National Association of Independent Schools (NAIS),Other school association(s),,,,,,,,,,,,,
BB162143,HUDSONWAY IMMERSION SCHOOL,2,12,525 W 52ND ST,NEW YORK,36061,061,NY,36,10019,2127878088,160,7,No,,60,22,20,15,6,9,7,2,1,,,,,,142,82,0,28,3,13,18,0,20,13.9,11,1,1,1,3,1,0,34.14,3.65,15.85,21.95,0,24.39,5.89,30,NEW YORK,,,,,,,,,,,,,,,
00920072,INCARNATION SCHOOL,2,13,570 W 175TH ST,NEW YORK,36061,061,NY,36,10033,2127951030,180,7,Yes,,94,16,17,12,14,15,20,21,15,21,,,,,245,151,0,0,150,1,0,0,0,14,11,1,1,1,1,1,0,0,99.33,0.66,0,0,0,10.78,1,NEW YORK,National Catholic Educational Association (NCEA),National Association for the Education of Young Children (NAEYC),,,,,,,,,,,,,
A1502519,ISLAMIC CULTURAL CENTER SCHOOL,2,13,222 E 97TH ST,NEW YORK,36061,061,NY,36,10029,6465592391,180,7.16,Yes,,10,21,20,15,14,20,11,20,11,9,,,,,151,141,0,56,2,52,25,0,6,19,11,1,1,1,2,1,0,39.71,1.41,36.87,17.73,0,4.25,7.42,17,NEW YORK,Islamic School League of America (ISLA),,,,,,,,,,,,,,
A9303747,LA SCUOLA D'ITALIA,2,17,12 E 96TH ST,NEW YORK,36061,061,NY,36,10128,2123693290,178,7,Yes,,15,14,14,16,11,9,12,13,6,8,6,7,3,8,142,127,0,2,3,2,120,0,0,9.8,11,1,6,3,3,1,0,1.57,2.36,1.57,94.48,0,0,12.95,30,NEW YORK,,,,,,,,,,,,,,,
BB162050,LASALLE ACADEMY,14,17,215 E 6TH ST,NEW YORK,36061,061,NY,36,10003,2124758940,180,6.21,No,,,,,,,,,,,,47,50,44,48,189,189,2,30,67,43,26,1,20,32.6,11,3,1,2,1,1,1.05,15.87,35.44,22.75,13.75,0.52,10.58,5.79,1,NEW YORK,Other religious school association(s),,,,,,,,,,,,,,
BB162142,LASCUOLA DITALIA NEW YORK,2,17,12 E 96TH ST,NEW YORK,36061,061,NY,36,10128,2123693290,182,7.5,No,,18,15,14,16,11,9,12,12,6,8,6,7,3,8,145,127,0,,,,,0,0,44,11,1,1,3,3,1,0,,,,,0,0,2.88,30,NEW YORK,Other school association(s),,,,,,,,,,,,,,
00940612,LYCEE FRANCAIS DE NEW YORK,2,17,505 E 75TH ST,NEW YORK,36061,061,NY,36,10021,2124393839,170,,Yes,,103,84,71,91,83,72,89,89,72,85,86,93,91,83,1192,1089,0,8,111,53,675,0,242,108.9,11,1,1,3,3,1,0,0.73,10.19,4.86,61.98,0,22.22,10,30,NEW YORK,National Association of Independent Schools (NAIS),,,,,,,,,,,,,,
A2192998,LYCEUM KENNEDY INTERNATIONAL SCHOOL,2,17,225 E 43RD ST FL 4,NEW YORK,36061,061,NY,36,10017,2126811877,173,7,Yes,,38,19,10,21,20,12,7,16,8,16,12,9,9,4,201,163,0,5,11,66,72,0,9,21.9,11,1,1,3,3,1,0,3.06,6.74,40.49,44.17,0,5.52,7.44,30,NEW YORK,,,,,,,,,,,,,,,
A1502531,MANHATTAN CHILDREN'S CENTER (THE),1,1,111 W 92ND ST,NEW YORK,36061,061,NY,36,10025,2127494604,210,6,No,122,,,,,,,,,,,,,,,122,122,0,17,12,13,67,0,13,101,11,1,4,3,3,1,0,13.93,9.83,10.65,54.91,0,10.65,1.2,30,NEW YORK,,,,,,,,,,,,,,,
02047364,MANHATTAN CHRISTIAN ACADEMY,2,16,401 W 205TH ST,NEW YORK,36061,061,NY,36,10034,2125675521,165,7.41,Yes,,8,10,15,7,13,19,24,20,17,17,6,1,13,,170,162,0,0,143,14,4,0,1,15.3,11,1,1,3,2,1,0,0,88.27,8.64,2.46,0,0.61,10.58,8,NEW YORK,Association of Christian Schools International (ACSI),,,,,,,,,,,,,,
A1302084,MANHATTAN COUNTRY SCHOOL,2,13,150 W 85TH ST,NEW YORK,36061,061,NY,36,10024,2123480952,165,6.75,Yes,,15,26,24,20,25,27,30,33,26,28,,,,,254,239,0,,,,,0,,40.4,11,1,1,1,3,1,0,,,,,0,,5.91,30,NEW YORK,State or regional independent school association,,,,,,,,,,,,,,
00938002,MANHATTAN DAY SCHOOL,2,13,310 W 75TH ST,NEW YORK,36061,061,NY,36,10023,2123766800,170,8.16,No,,53,31,42,37,38,32,39,37,35,40,,,,,384,331,0,2,0,3,326,0,0,67.1,11,1,1,1,2,1,0,0.6,0,0.9,98.48,0,0,4.93,18,NEW YORK,Agudath Israel of America (AIA),National Society for Hebrew Day Schools (Torah Umesorah),Prizmah: Center for Jewish Day Schools (PRIZMAH),,,,,,,,,,,,
A9502997,MANHATTAN HIGH SCHOOL FOR GIRLS,14,17,154 E 70TH ST,NEW YORK,36061,061,NY,36,10021,2127376800,165,8.25,Yes,,,,,,,,,,,,53,50,58,52,213,213,0,0,0,1,212,0,0,28.6,11,2,1,2,2,1,0,0,0,0.46,99.53,0,0,7.44,18,NEW YORK,Agudath Israel of America (AIA),National Society for Hebrew Day Schools (Torah Umesorah),Other special emphasis association(s),,,,,,,,,,,,
A1702618,MANHATTAN STAR ACADEMY,2,2,180 AMSTERDAM AVE,NEW YORK,36061,061,NY,36,10023,6467953850,210,5.5,No,64,7,,,,,,,,,,,,,,71,64,,,,,,,,18,11,-1,4,3,3,1,,,,,,,,3.55,30,NEW YORK,,,,,,,,,,,,,,,
A0740102,MARYMOUNT SCHOOL OF NY,2,17,1026 5TH AVE,NEW YORK,36061,061,NY,36,10028,2127444486,,7.08,Yes,,33,41,43,45,53,46,51,55,55,56,74,71,61,64,748,715,,,,0,,,,,11,2,1,3,1,1,,,,0,,,,,1,NEW YORK,National Association of Independent Schools (NAIS),,,,,,,,,,,,,,
A9104914,MESIVTA RABBI SAMSON RAPHAEL HIRSCH,-1,-1,220 BENNETT AVE,NEW YORK,36061,061,NY,36,10040,2127813399,,,,,,,,,,,,,,,,,,,,,,,,,,,,,11,-1,-1,-1,2,1,,,,,,,,,-1,NEW YORK,,,,,,,,,,,,,,,
A1903082,MESIVTA TIFERETH JERUSALEM,2,17,145 E BROADWAY,NEW YORK,36061,061,NY,36,10002,2129642830,220,10.83,Yes,,12,6,6,5,6,8,13,9,8,7,8,12,6,4,110,98,0,0,0,0,98,0,0,23.5,11,3,1,3,2,1,0,0,0,0,100,0,0,4.17,18,NEW YORK,Agudath Israel of America (AIA),National Society for Hebrew Day Schools (Torah Umesorah),,,,,,,,,,,,,
BB162083,MONTESSORI SCHOOL OF NY,2,3,347 E 55TH ST,NEW YORK,36061,061,NY,36,10022,2122234630,185,6.5,Yes,5,7,1,,,,,,,,,,,,,13,6,0,0,1,1,,0,3,4,11,1,2,1,3,1,0,0,16.66,16.66,,0,50,1.5,30,NEW YORK,Other Montessori association(s),,,,,,,,,,,,,,
00922455,MOUNT CARMEL-HOLY ROSARY SCHOOL,2,13,371 PLEASANT AVE,NEW YORK,36061,061,NY,36,10035,2128767555,180,8,No,,11,17,18,26,21,26,30,25,26,29,,,,,229,218,,,,,,,,9.6,11,1,1,1,1,1,,,,,,,,22.7,1,NEW YORK,Other school association(s),,,,,,,,,,,,,,
00939174,NIGHTINGALE-BAMFORD SCHOOL,3,17,20 E 92ND ST,NEW YORK,36061,061,NY,36,10128,2122895020,170,7.33,Yes,,,47,45,48,46,49,49,60,63,55,74,58,56,57,707,707,0,,,,,0,,101.5,11,2,1,3,3,1,0,,,,,0,,6.96,30,NEW YORK,National Association of Independent Schools (NAIS),State or regional independent school association,,,,,,,,,,,,,
A1101740,NORD ANGLIA INTERNATIONAL SCHOOL,2,13,44 E 2ND ST,NEW YORK,36061,061,NY,36,10003,2126002010,,,,,12,14,18,5,15,14,9,10,5,9,,,,,111,99,,,,,,,,,11,-1,-1,1,3,1,,,,,,,,,30,NEW YORK,,,,,,,,,,,,,,,
00920017,NOTRE DAME SCHOOL,14,17,327 W 13TH ST,NEW YORK,36061,061,NY,36,10014,2126205575,180,7,Yes,,,,,,,,,,,,99,88,85,86,358,358,1,16,50,19,194,0,78,26.6,11,2,1,2,1,1,0.27,4.46,13.96,5.3,54.18,0,21.78,13.45,1,NEW YORK,Jesuit Schools Network (JSN),National Catholic Educational Association (NCEA),National Coalition of Girls’ Schools (NCGS),State or regional independent school association,,,,,,,,,,,
A1903101,OLIVET ACADEMY,6,11,6 BARCLAY ST FL 2,NEW YORK,36061,061,NY,36,10007,2125712777,180,6.5,Yes,,,,3,1,1,1,2,1,,,,,,,9,9,0,9,0,0,0,0,0,3,11,1,1,1,2,1,0,100,0,0,0,0,0,3,27,NEW YORK,,,,,,,,,,,,,,,
A1903113,PROFESSIONAL CHILDRENS SCHOOL,11,17,132 W 60TH ST,NEW YORK,36061,061,NY,36,10023,2125823116,172,7.08,Yes,,,,,,,,,5,4,9,14,25,27,21,105,105,0,26,15,7,53,0,4,21,11,1,1,3,3,1,0,24.76,14.28,6.66,50.47,0,3.8,5,30,NEW YORK,National Association of Independent Schools (NAIS),State or regional independent school association,,,,,,,,,,,,,
00941092,RABBI ARTHUR SCHNEIER PARK EAST DAY SCHOOL,2,13,164 E 68TH ST,NEW YORK,36061,061,NY,36,10065,2127377330,170,7.91,No,,56,10,14,9,12,17,11,7,15,13,,,,,164,108,0,0,0,0,106,0,2,19.5,11,1,1,1,2,1,0,0,0,0,98.14,0,1.85,5.53,18,NEW YORK,Agudath Israel of America (AIA),Prizmah: Center for Jewish Day Schools (PRIZMAH),,,,,,,,,,,,,
A0902362,REBECCA SCHOOL,1,1,40 E 30TH ST,NEW YORK,36061,061,NY,36,10016,2128104120,200,6.5,Yes,153,,,,,,,,,,,,,,,153,153,0,10,55,40,48,0,0,24,11,1,4,3,3,1,0,6.53,35.94,26.14,31.37,0,0,6.37,30,NEW YORK,National Independent Private Schools Association (NIPSA),,,,,,,,,,,,,,
00941183,REECE SCHOOL,6,14,25 E 104TH ST,NEW YORK,36061,061,NY,36,10029,2122894872,180,6.66,No,,,,3,8,7,12,14,26,21,34,14,,,,139,139,0,3,67,49,17,1,2,38,11,1,4,3,3,1,0,2.15,48.2,35.25,12.23,0.71,1.43,3.65,30,NEW YORK,,,,,,,,,,,,,,,
00919963,REGIS HIGH SCHOOL,14,17,55 E 84TH ST,NEW YORK,36061,061,NY,36,10028,2122881100,154,6.66,Yes,,,,,,,,,,,,134,133,133,129,529,529,0,47,83,17,268,1,113,,11,3,1,2,1,1,0,8.88,15.68,3.21,50.66,0.18,21.36,,1,NEW YORK,Jesuit Schools Network (JSN),State or regional independent school association,,,,,,,,,,,,,
00941296,RODEPH SHOLOM SCHOOL,2,13,10 W 84TH ST,NEW YORK,36061,061,NY,36,10024,6464388600,172,7.33,Yes,,115,32,31,29,37,27,35,32,29,27,,,,,394,279,0,0,18,0,223,0,38,56,11,1,1,1,2,1,0,0,6.45,0,79.92,0,13.62,4.98,18,NEW YORK,Prizmah: Center for Jewish Day Schools (PRIZMAH),National Association of Independent Schools (NAIS),State or regional independent school association,Other school association(s),,,,,,,,,,,
A1903117,RUDOLF STEINER SCHOOL,2,17,15 E 79TH ST,NEW YORK,36061,061,NY,36,10075,2125352130,172,6.75,Yes,,28,19,13,17,22,23,16,11,22,14,19,20,26,16,266,238,0,32,38,17,141,0,10,34.5,11,1,3,3,3,1,0,13.44,15.96,7.14,59.24,0,4.2,6.89,30,NEW YORK,Association of Waldorf Schools of North America (AWSNA),National Association of Independent Schools (NAIS),State or regional independent school association,,,,,,,,,,,,
A1502585,SHEFA SCHOOL,6,13,40 E 29TH ST,NEW YORK,36061,061,NY,36,10016,2128731300,168,7.5,No,,,,4,20,28,30,32,30,47,24,,,,,215,215,0,2,0,0,213,0,0,75.1,11,1,4,1,2,1,0,0.93,0,0,99.06,0,0,2.86,18,NEW YORK,,,,,,,,,,,,,,,
BB162104,SOLOMON SCHECHTER SCHOOL OF MANHATTAN,3,13,805 COLUMBUS AVE,NEW YORK,36061,061,NY,36,10025,2124279500,180,7.25,Yes,,,8,4,8,6,8,10,2,1,9,,,,,56,56,0,1,1,5,49,0,0,14.9,11,1,1,1,2,1,0,1.78,1.78,8.92,87.5,0,0,3.75,18,NEW YORK,Prizmah: Center for Jewish Day Schools (PRIZMAH),,,,,,,,,,,,,,
BB162151,SPENCE SCHOOL,3,17,22 E 91ST ST,NEW YORK,36061,061,NY,36,10128,6469436837,168,7.5,Yes,,,56,53,56,54,53,53,58,64,58,70,67,61,69,772,772,1,132,28,81,383,0,147,132.1,11,2,1,3,3,1,0.12,17.09,3.62,10.49,49.61,0,19.04,5.84,30,NEW YORK,State or regional independent school association,,,,,,,,,,,,,,
A2370887,SPENCE SCHOOL,3,17,22 E 91ST ST,NEW YORK,36061,061,NY,36,10128,6466007671,168,7.5,Yes,,,56,53,56,54,53,53,58,64,58,70,67,61,69,772,772,1,132,28,81,383,0,147,132.1,11,2,1,3,3,1,0.12,17.09,3.62,10.49,49.61,0,19.04,5.84,30,NEW YORK,,,,,,,,,,,,,,,
00939618,ST BERNARDS SCHOOL,3,14,4 E 98TH ST,NEW YORK,36061,061,NY,36,10029,2122892878,,7,Yes,,,43,48,40,42,42,37,38,37,35,5,,,,367,367,0,32,15,20,300,0,0,75,11,3,1,3,3,1,0,8.71,4.08,5.44,81.74,0,0,4.89,30,NEW YORK,National Association of Independent Schools (NAIS),,,,,,,,,,,,,,
00922954,ST CHARLES BORROMEO SCHOOL,3,13,214 W 142ND ST,NEW YORK,36061,061,NY,36,10030,2123686666,,,,,,49,43,37,39,35,32,36,39,18,,,,,328,328,,,,,,,,,11,-1,-1,1,1,1,,,,,,,,,-1,NEW YORK,,,,,,,,,,,,,,,
A2370892,ST DAVIDS SCHOOL,3,13,12 E 89TH ST,NEW YORK,36061,061,NY,36,10128,2123606095,,7.25,Yes,,,45,45,45,45,45,45,45,45,45,,,,,405,405,,,,,,,,140,11,3,1,1,3,1,,,,,,,,2.89,30,NEW YORK,,,,,,,,,,,,,,,
00919883,ST ELIZABETH SCHOOL,2,13,612 W 187TH ST,NEW YORK,36061,061,NY,36,10033,2125687291,180,7,No,,102,15,14,16,20,7,17,15,29,30,,,,,265,163,0,1,157,3,1,0,1,15.9,11,1,1,1,1,1,0,0.61,96.31,1.84,0.61,0,0.61,10.25,1,NEW YORK,National Catholic Educational Association (NCEA),,,,,,,,,,,,,,
00919828,ST GEORGE ACADEMY,14,17,215 E 6TH ST,NEW YORK,36061,061,NY,36,10003,2124733323,182,7.08,Yes,,,,,,,,,,,,27,36,32,27,122,122,0,3,20,9,90,0,0,11,11,1,1,2,2,1,0,2.45,16.39,7.37,73.77,0,0,11.09,16,NEW YORK,,,,,,,,,,,,,,,
A2192994,ST GEORGE ACADEMY,14,17,215 E 6TH ST,NEW YORK,36061,061,NY,36,10003,2124733323,182,7,Yes,,,,,,,,,,,,32,37,32,29,130,130,0,3,40,10,77,0,0,12.1,11,1,1,2,2,1,0,2.3,30.76,7.69,59.23,0,0,10.74,16,NEW YORK,,,,,,,,,,,,,,,
01607319,ST IGNATIUS LOYOLA SCHOOL,2,13,48 E 84TH ST,NEW YORK,36061,061,NY,36,10028,9174390049,180,6.75,Yes,,24,40,54,51,60,61,62,61,60,55,,,,,528,504,,,,,,0,,35.8,11,1,1,1,1,1,,,,,,0,,14.07,1,NEW YORK,,,,,,,,,,,,,,,
00935227,ST LUKES SCHOOL,2,13,487 HUDSON ST 6,NEW YORK,36061,061,NY,36,10014,2129245960,169,7,Yes,,17,84,44,34,42,37,37,37,35,29,,,,,396,379,,,,,,0,,42,11,1,1,1,2,1,,,,,,0,,9.02,14,NEW YORK,National Association of Episcopal Schools (NAES),National Association of Independent Schools (NAIS),Other school association(s),,,,,,,,,,,,
00919486,ST MARK THE EVANGELIST SCHOOL,2,13,55 W 138TH ST,NEW YORK,36061,061,NY,36,10037,2515451119,,8.98,Yes,,59,28,31,23,23,23,30,28,30,14,,,,,289,230,0,,,,0,0,0,,11,1,1,1,1,1,0,,,,0,0,0,,1,NEW YORK,,,,,,,,,,,,,,,
00919588,ST VINCENT FERRER HIGH SCHOOL,14,17,151 E 65TH ST,NEW YORK,36061,061,NY,36,10065,2125354680,180,6.66,No,,,,,,,,,,,,56,99,90,79,324,324,0,33,97,33,158,0,3,35.6,11,2,1,2,1,1,0,10.18,29.93,10.18,48.76,0,0.92,9.1,1,NEW YORK,National Catholic Educational Association (NCEA),,,,,,,,,,,,,,
00938283,THE ALLEN-STEVENSON SCHOOL,3,13,132 E 78TH ST,NEW YORK,36061,061,NY,36,10075,2126060889,165,7.5,Yes,,,28,46,32,39,46,49,44,53,48,,,,,385,385,0,57,15,26,240,1,46,121.3,11,3,1,1,3,1,0,14.8,3.89,6.75,62.33,0.25,11.94,3.17,30,NEW YORK,National Association of Independent Schools (NAIS),State or regional independent school association,,,,,,,,,,,,,
BB162042,THE ATLAS SCHOOL,1,1,252 W 29TH ST FL 3,NEW YORK,36061,061,NY,36,10001,2122560846,205,7,No,29,,,,,,,,,,,,,,,29,29,0,0,13,6,9,0,1,9,11,1,4,3,3,1,0,0,44.82,20.68,31.03,0,3.44,3.22,30,NEW YORK,,,,,,,,,,,,,,,
00942052,THE BEEKMAN SCHOOL,14,17,220 E 50TH ST,NEW YORK,36061,061,NY,36,10022,2127556666,170,7.08,No,1,,,,,,,,,,,5,4,21,28,59,59,0,10,4,10,33,0,2,8.3,11,1,1,2,3,1,0,16.94,6.77,16.94,55.93,0,3.38,7.1,30,NEW YORK,State or regional independent school association,Other school association(s),,,,,,,,,,,,,
A1502611,THE BIRCH WATHEN LENOX SCHOOL,3,17,210 E 77TH ST,NEW YORK,36061,061,NY,36,10075,2128610404,165,6.91,Yes,,,14,12,15,17,18,17,16,19,29,36,32,56,45,326,326,,,,,,,,,11,1,1,3,3,1,,,,,,,,,30,NEW YORK,National Association of Independent Schools (NAIS),,,,,,,,,,,,,,
00939491,THE BREARLEY SCHOOL,3,17,610 E 83RD ST,NEW YORK,36061,061,NY,36,10028,2125708514,163,6.75,Yes,5,,60,59,59,52,50,59,59,60,61,68,64,62,63,781,781,,,,,,0,,120.9,11,2,1,3,3,1,,,,,,0,,6.45,30,NEW YORK,National Coalition of Girls’ Schools (NCGS),National Association of Independent Schools (NAIS),Other school association(s),,,,,,,,,,,,
00939651,THE BROWNING SCHOOL,3,17,52 E 62ND ST,NEW YORK,36061,061,NY,36,10065,2128386280,170,7,Yes,,,22,29,26,24,31,30,43,37,36,37,32,31,32,410,410,,,,,,,,61.3,11,3,1,3,3,1,,,,,,,,6.68,30,NEW YORK,National Association of Independent Schools (NAIS),Other school association(s),,,,,,,,,,,,,
00939072,THE BUCKLEY SCHOOL,3,14,113 E 73RD ST,NEW YORK,36061,061,NY,36,10021,2125358787,170,8,Yes,,,45,41,42,40,40,38,40,34,37,9,,,,366,366,0,,,,,0,,65,11,3,1,3,3,1,0,,,,,0,,5.63,30,NEW YORK,National Association of Independent Schools (NAIS),State or regional independent school association,,,,,,,,,,,,,
00939833,THE CAEDMON SCHOOL,2,10,416 E 80TH ST,NEW YORK,36061,061,NY,36,10075,2128792296,163,6.83,Yes,,85,24,24,19,12,18,11,,,,,,,,193,108,0,13,7,10,59,0,19,,11,1,2,1,3,1,0,12.03,6.48,9.25,54.62,0,17.59,,30,NEW YORK,American Montessori Society (AMS),National Association of Independent Schools (NAIS),Other school association(s),,,,,,,,,,,,
00937927,THE CATHEDRAL SCHOOL OF ST JOHN THE DIVINE,3,13,1047 AMSTERDAM AVE,NEW YORK,36061,061,NY,36,10025,2123167500,166,7.25,Yes,,,26,18,29,25,27,27,23,24,36,,,,,235,235,0,26,18,25,123,1,42,47.4,11,1,1,1,2,1,0,11.06,7.65,10.63,52.34,0.42,17.87,4.95,14,NEW YORK,National Association of Episcopal Schools (NAES),National Association of Independent Schools (NAIS),,,,,,,,,,,,,
00939094,THE CHAPIN SCHOOL LTD,3,17,100 E END AVE,NEW YORK,36061,061,NY,36,10028,2125704984,180,6.75,Yes,,,60,60,60,60,62,62,64,70,65,68,66,64,64,825,825,17,192,96,96,390,17,17,130,11,2,1,3,3,1,2.06,23.27,11.63,11.63,47.27,2.06,2.06,6.34,30,NEW YORK,National Association of Independent Schools (NAIS),State or regional independent school association,Other school association(s),,,,,,,,,,,,
00938374,THE CHURCHILL SCHOOL & CENTER,7,17,301 E 29TH ST,NEW YORK,36061,061,NY,36,10016,2127220610,180,6.75,Yes,,,,,22,30,39,39,39,39,39,41,37,32,37,394,394,0,10,42,35,250,2,55,9.8,11,1,4,3,3,1,0,2.53,10.65,8.88,63.45,0.5,13.95,40.2,30,NEW YORK,National Association of Independent Schools (NAIS),,,,,,,,,,,,,,
A1101658,THE ECOLE,2,13,111 E 22ND ST FL 3,NEW YORK,36061,061,NY,36,10010,6464102238,170,7.33,Yes,,73,35,36,38,35,29,29,20,19,10,,,,,324,251,0,12,10,13,198,0,18,29.5,11,1,3,1,3,1,0,4.78,3.98,5.17,78.88,0,7.17,8.5,30,NEW YORK,,,,,,,,,,,,,,,
A0740098,THE GATEWAY SCHOOL,3,13,211 W 61ST ST FL 602,NEW YORK,36061,061,NY,36,10023,2127775966,170,7,Yes,,,6,5,10,10,19,19,23,45,19,,,,,156,156,0,,,,,0,,48,11,1,4,1,3,1,0,,,,,0,,3.25,30,NEW YORK,National Association of Independent Schools (NAIS),State or regional independent school association,,,,,,,,,,,,,
A1903166,THE GENEVA SCHOOL OF MANHATTAN,2,16,138 W 90TH ST,NEW YORK,36061,061,NY,36,10024,2127549988,169,7.5,Yes,,51,46,32,36,29,29,29,27,37,25,12,5,10,,368,317,0,,,,,0,,41.3,11,1,1,3,2,1,0,,,,,0,,7.67,8,NEW YORK,Other school association(s),,,,,,,,,,,,,,
00939389,THE HEWITT SCHOOL,3,17,45 E 75TH ST,NEW YORK,36061,061,NY,36,10021,2122881919,161,7.25,Yes,,,21,20,21,28,30,25,45,45,33,46,49,56,50,469,469,0,,,,,0,,75.3,11,2,1,3,3,1,0,,,,,0,,6.22,30,NEW YORK,National Association of Independent Schools (NAIS),State or regional independent school association,Other school association(s),,,,,,,,,,,,
A0701711,THE IDEAL SCHOOL OF MANHATTAN,3,17,5 HANOVER SQ,NEW YORK,36061,061,NY,36,10004,2127691699,166,7.25,Yes,7,,7,7,12,12,7,11,15,20,14,20,14,16,12,174,174,,,,,,,,90,11,1,1,3,3,1,,,,,,,,1.93,30,NEW YORK,National Association of Independent Schools (NAIS),Other school association(s),,,,,,,,,,,,,
A2301706,THE IDEAL SCHOOL OF MANHATTAN,3,17,5 HANOVER SQ,NEW YORK,36061,061,NY,36,10004,4432537843,168,7,Yes,7,,7,7,12,14,7,10,16,21,14,18,13,17,13,176,176,0,,,,,0,,39.1,11,1,6,3,3,1,0,,,,,0,,4.5,30,NEW YORK,State or regional independent school association,,,,,,,,,,,,,,
A0502504,THE KESWELL SCHOOL,1,1,219 STANTON ST,NEW YORK,36061,061,NY,36,10002,6467836101,178,8,Yes,47,,,,,,,,,,,,,,,47,47,0,4,6,5,27,0,5,60,11,1,4,3,3,1,0,8.51,12.76,10.63,57.44,0,10.63,0.78,30,NEW YORK,,,,,,,,,,,,,,,
A0902318,THE KINGS ACADEMY OF THE TRUE CHURCH OF GOD,2,17,2345 3RD AVE,NEW YORK,36061,061,NY,36,10035,6317074423,180,8,Yes,,2,4,,5,,,2,2,2,1,1,1,,1,21,19,0,0,4,12,0,0,3,6.1,11,1,1,3,2,1,0,0,21.05,63.15,0,0,15.78,3.11,8,NEW YORK,,,,,,,,,,,,,,,
A1101727,THE LANG SCHOOL,3,17,26 BROADWAY,NEW YORK,36061,061,NY,36,10004,2129777777,168,6.5,No,,,2,4,4,5,7,5,12,5,8,5,3,4,4,68,68,0,3,3,4,45,0,13,23.9,11,1,4,3,3,1,0,4.41,4.41,5.88,66.17,0,19.11,2.84,30,NEW YORK,State or regional independent school association,,,,,,,,,,,,,,
A9104974,THE PARKSIDE SCHOOL,1,1,48 W 74TH ST,NEW YORK,36061,061,NY,36,10023,2127218888,180,6.25,Yes,79,,,,,,,,,,,,,,,79,79,0,9,5,5,45,0,15,14.1,11,1,4,3,3,1,0,11.39,6.32,6.32,56.96,0,18.98,5.6,30,NEW YORK,National Association of Independent Schools (NAIS),,,,,,,,,,,,,,
A0502577,THE SCHOOL AT COLUMBIA UNIVERSITY,3,13,556 W 110TH ST,NEW YORK,36061,061,NY,36,10025,2128514288,163,7.25,Yes,,,29,34,45,49,49,56,55,44,44,,,,,405,405,0,43,85,81,151,0,45,80,11,1,1,1,3,1,0,10.61,20.98,20,37.28,0,11.11,5.06,30,NEW YORK,Other school association(s),,,,,,,,,,,,,,
A2301755,THE SHIRLY ANINIAS SCHOOL,1,1,291 BROADWAY STE 203,NEW YORK,36061,061,NY,36,10007,2122277138,210,6,No,17,,,,,,,,,,,,,,,17,17,0,4,2,0,9,1,1,19.3,11,1,4,3,3,1,0,23.52,11.76,0,52.94,5.88,5.88,0.88,30,NEW YORK,,,,,,,,,,,,,,,
A1101731,THE SPEYER LEGACY SCHOOL,3,13,925 9TH AVE,NEW YORK,36061,061,NY,36,10019,2125814000,165,6.66,Yes,,,25,40,39,36,47,41,40,37,35,,,,,340,340,0,92,26,6,140,0,76,51.3,11,1,3,1,3,1,0,27.05,7.64,1.76,41.17,0,22.35,6.62,30,NEW YORK,State or regional independent school association,,,,,,,,,,,,,,
A9105054,THE STUDIO SCHOOL,2,13,117 W 95TH ST,NEW YORK,36061,061,NY,36,10025,2126782416,,6.5,Yes,,19,5,12,7,5,8,7,12,3,7,,,,,85,66,0,,,,,0,,12.1,11,1,1,1,3,1,0,,,,,0,,5.45,30,NEW YORK,State or regional independent school association,,,,,,,,,,,,,,
A2102772,THE TITUS SCHOOL,1,1,90 JOHN ST,NEW YORK,36061,061,NY,36,10038,6467564103,210,6.5,Yes,,,,,,,,,,,,,,,,86,,0,14,6,4,50,0,12,14,11,1,4,3,3,1,,,,,,,,,30,NEW YORK,,,,,,,,,,,,,,,
00939695,THE TOWN SCHOOL,2,13,540 E 76TH ST,NEW YORK,36061,061,NY,36,10021,2122884383,165,7,Yes,,19,29,42,32,37,27,40,28,33,28,,,,,315,296,0,,,,,,,64.8,11,1,1,1,3,1,0,,,,,,,4.56,30,NEW YORK,National Association of Independent Schools (NAIS),,,,,,,,,,,,,,
BB162138,TRANSFIGURATION SCHOOL,2,13,29 MOTT ST,NEW YORK,36061,061,NY,36,10013,2129625265,180,6.75,No,,67,17,7,15,24,27,21,31,18,42,,,,,269,202,0,131,13,5,22,0,31,14,11,1,1,1,1,1,0,64.85,6.43,2.47,10.89,0,15.34,14.42,1,NEW YORK,National Catholic Educational Association (NCEA),,,,,,,,,,,,,,
00942722,TRINITY SCHOOL,3,17,139 W 91ST ST,NEW YORK,36061,061,NY,36,10024,2128731650,180,7,Yes,,,62,62,60,60,60,60,60,67,67,125,123,129,109,1044,1044,,,,,579,,,156.5,11,1,1,3,2,1,,,,,55.45,,,6.67,8,NEW YORK,National Association of Independent Schools (NAIS),State or regional independent school association,Other school association(s),,,,,,,,,,,,
00942201,VILLAGE COMMUNITY SCHOOL,3,13,272 W 10TH ST,NEW YORK,36061,061,NY,36,10014,2126915146,170,7,Yes,,,30,31,31,42,37,41,27,32,33,,,,,304,304,0,18,4,25,175,0,82,58.1,11,1,1,1,3,1,0,5.92,1.31,8.22,57.56,0,26.97,5.23,30,NEW YORK,National Association of Independent Schools (NAIS),State or regional independent school association,,,,,,,,,,,,,
A0502592,WEST END DAY SCHOOL,1,1,255 W 71ST ST,NEW YORK,36061,061,NY,36,10023,2128735708,170,6.5,Yes,38,,,,,,,,,,,,,,,38,38,0,1,2,3,26,0,6,11.8,11,1,4,3,3,1,0,2.63,5.26,7.89,68.42,0,15.78,3.22,30,NEW YORK,State or regional independent school association,,,,,,,,,,,,,,
A2102787,WINCHENDON SCHOOL-NYC,14,17,45 W 34TH ST,NEW YORK,36061,061,NY,36,10001,3473285622,175,6.5,No,,,,,,,,,,,,12,15,28,25,80,80,,,,,,0,,10.4,11,1,1,2,3,1,,,,,,0,,7.69,30,NEW YORK,,,,,,,,,,,,,,,
A1903207,WINDWARD SCHOOL THE - NYC,7,13,205 E 92ND ST,NEW YORK,36061,061,NY,36,10128,2122228628,,,,,,,,,,,,,,,,,,,,,,,,,,,,,11,-1,-1,1,3,1,,,,,,,,,30,NEW YORK,,,,,,,,,,,,,,,
A2370902,WINSTON PREPARATORY SCHOOL (TRANSITIONS),1,1,240 MADISON AVE 5TH FL,NEW YORK,36061,061,NY,36,10016,6463439080,170,6.16,No,32,,,,,,,,,,,,,,,32,32,0,0,6,10,16,0,0,13.3,11,1,4,3,3,1,0,0,18.75,31.25,50,0,0,2.4,30,NEW YORK,,,,,,,,,,,,,,,
00919613,XAVIER HIGH SCHOOL,14,17,30 W 16TH ST,NEW YORK,36061,061,NY,36,10011,2129247900,170,6.5,Yes,,,,,,,,,,,,208,239,242,235,924,924,1,74,150,62,532,0,105,67.5,11,3,1,2,1,1,0.1,8,16.23,6.7,57.57,0,11.36,13.68,1,NEW YORK,Jesuit Schools Network (JSN),National Catholic Educational Association (NCEA),,,,,,,,,,,,,
A0502613,YESHIVA RABBI SAMSON RAPHAEL HIRSCH,2,17,85 BENNETT AVE # 93,NEW YORK,36061,061,NY,36,10033,2125686250,176,9.25,Yes,,18,20,7,21,11,19,18,15,14,17,11,15,9,9,204,186,0,16,0,1,167,0,2,37.1,11,1,1,3,2,1,0,8.6,0,0.53,89.78,0,1.07,5.01,18,NEW YORK,,,,,,,,,,,,,,,
00935963,YESHIVA UNIVERSITY HIGH SCHOOL,14,17,2540 AMSTERDAM AVE,NEW YORK,36061,061,NY,36,10033,9176646650,,9.71,No,,,,,,,,,,,,51,71,68,56,246,246,,,,,,,,42,11,3,3,2,2,1,,,,,,,,5.85,18,NEW YORK,National Association of Independent Schools (NAIS),Other school association(s),,,,,,,,,,,,,
00940077,YORK PREP SCHOOL,11,17,40 W 68TH ST,NEW YORK,36061,061,NY,36,10023,2123620400,,,,,,,,,,,,12,28,48,70,70,62,61,351,351,,,,,,,,,11,1,-1,3,3,1,,,,,,,,,30,NEW YORK,,,,,,,,,,,,,,,
